python_startIndex,python_endIndex,Url,maxPage,Category,SubCategory,SubSubCategory,,
0,1,https://www.walmart.com/browse/chocolate/chocolate-covered-snacks/976759_1096070_1224976_7726944?page=,16,Food - Candy and Gum,Chocolate,Covered Snacks,,
1,2,https://www.walmart.com/browse/chocolate/dark-chocolate/976759_1096070_1224976_6696156?page=,5,Food - Candy and Gum,Chocolate,Dark Chocolate,,
2,3,https://www.walmart.com/browse/chocolate/dove-chocolate/976759_1096070_1224976_9756983?page=,1,Food - Candy and Gum,Chocolate,Dove Chocolate,,
3,4,https://www.walmart.com/browse/chocolate/ghirardelli-chocolate/976759_1096070_1224976_5687078?page=,7,Food - Candy and Gum,Chocolate,Ghirardelli Chocolate,,
4,5,https://www.walmart.com/browse/chocolate/hershey-s-chocolate/976759_1096070_1224976_5233905?page=,25,Food - Candy and Gum,Chocolate,Hershey's Chocolate,,
5,6,https://www.walmart.com/browse/chocolate/hershey-s-kisses/976759_1096070_1224976_7041923?page=,1,Food - Candy and Gum,Chocolate,Hershey's Kisses,,
6,7,https://www.walmart.com/browse/chocolate/kit-kat/976759_1096070_1224976_2636806?page=,3,Food - Candy and Gum,Chocolate,Kit Kat,,
7,8,https://www.walmart.com/browse/chocolate/lindt-chocolate/976759_1096070_1224976_7048367?page=,5,Food - Candy and Gum,Chocolate,Lindt Chocolate,,
8,9,https://www.walmart.com/browse/chocolate/m-m-s/976759_1096070_1224976_4198966?page=,2,Food - Candy and Gum,Chocolate,M&M's,,
9,10,https://www.walmart.com/browse/chocolate/milk-chocolate/976759_1096070_1224976_9905281?page=,25,Food - Candy and Gum,Chocolate,Milk Chocolate,,
10,11,https://www.walmart.com/browse/chocolate/mint-chocolate-candy/976759_1096070_1224976_6014924?page=,11,Food - Candy and Gum,Chocolate,Mint Chocolate Candy,,
11,12,https://www.walmart.com/browse/chocolate/premium-chocolate-truffles/976759_1096070_1224976_2085548?page=,15,Food - Candy and Gum,Chocolate,Premium Chocolate & Truffles,,
12,13,https://www.walmart.com/browse/chocolate/reese-s/976759_1096070_1224976_2141826?page=,11,Food - Candy and Gum,Chocolate,Reese's,,
13,14,https://www.walmart.com/browse/chocolate/russell-stover-chocolate/976759_1096070_1224976_9563946?page=,2,Food - Candy and Gum,Chocolate,Russell Stover Chocolate,,
14,15,https://www.walmart.com/browse/chocolate/shop-all-chocolate/976759_1096070_1224976_2323697?page=,25,Food - Candy and Gum,Chocolate,Shop All Chocolate,,
15,16,https://www.walmart.com/browse/chocolate/snickers/976759_1096070_1224976_9024484?page=,1,Food - Candy and Gum,Chocolate,Snickers,,
16,17,https://www.walmart.com/browse/chocolate/sugar-free-chocolate/976759_1096070_1224976_6402972?page=,9,Food - Candy and Gum,Chocolate,Sugar Free Chocolate,,
17,18,https://www.walmart.com/browse/chocolate/chocolate-truffles/976759_1096070_1224976_3693911?page=,9,Food - Candy and Gum,Chocolate,Truffles,,
18,19,https://www.walmart.com/browse/chocolate/twix/976759_1096070_1224976_8736088?page=,1,Food - Candy and Gum,Chocolate,Twix,,
19,20,https://www.walmart.com/browse/chocolate/valentine-s-chocolate/976759_1096070_1224976_9986308?page=,12,Food - Candy and Gum,Chocolate,Valentine's Chocolate,,
20,21,https://www.walmart.com/browse/gummy-candy-jelly-beans/airheads/976759_1096070_1224975_7825208?page=,5,Food - Candy and Gum,Gummy Candy & Jelly Beans,Airheads,,
21,22,https://www.walmart.com/browse/gummy-candy-jelly-beans/albanese-candy/976759_1096070_1224975_5388490?page=,4,Food - Candy and Gum,Gummy Candy & Jelly Beans,Albanese Candy,,
22,23,https://www.walmart.com/browse/gummy-candy-jelly-beans/black-forest-candy/976759_1096070_1224975_5109070?page=,2,Food - Candy and Gum,Gummy Candy & Jelly Beans,Black Forest Candy,,
23,24,https://www.walmart.com/browse/gummy-candy-jelly-beans/caramels-taffys/976759_1096070_1224975_5726639?page=,25,Food - Candy and Gum,Gummy Candy & Jelly Beans,Caramels & Taffys,,
24,25,https://www.walmart.com/browse/gummy-candy-jelly-beans/gummy-bears/976759_1096070_1224975_6048777?page=,14,Food - Candy and Gum,Gummy Candy & Jelly Beans,Gummy Bears,,
25,26,https://www.walmart.com/browse/gummy-candy-jelly-beans/gummy-candy/976759_1096070_1224975_4246741?page=,25,Food - Candy and Gum,Gummy Candy & Jelly Beans,Gummy Candy,,
26,27,https://www.walmart.com/browse/gummy-candy-jelly-beans/haribo/976759_1096070_1224975_5768205?page=,9,Food - Candy and Gum,Gummy Candy & Jelly Beans,Haribo,,
27,28,https://www.walmart.com/browse/gummy-candy-jelly-beans/jelly-beans/976759_1096070_1224975_4280516?page=,15,Food - Candy and Gum,Gummy Candy & Jelly Beans,Jelly Beans,,
28,29,https://www.walmart.com/browse/gummy-candy-jelly-beans/jelly-belly/976759_1096070_1224975_2389059?page=,11,Food - Candy and Gum,Gummy Candy & Jelly Beans,Jelly Belly,,
29,30,https://www.walmart.com/browse/gummy-candy-jelly-beans/red-vines/976759_1096070_1224975_1858157?page=,2,Food - Candy and Gum,Gummy Candy & Jelly Beans,Red Vines,,
30,31,https://www.walmart.com/browse/gummy-candy-jelly-beans/shop-all-candy/976759_1096070_1224975_6909059?page=,25,Food - Candy and Gum,Gummy Candy & Jelly Beans,Shop All Candy,,
31,32,https://www.walmart.com/browse/gummy-candy-jelly-beans/skittles/976759_1096070_1224975_5069721?page=,4,Food - Candy and Gum,Gummy Candy & Jelly Beans,Skittles,,
32,33,https://www.walmart.com/browse/gummy-candy-jelly-beans/sour-candy/976759_1096070_1224975_8650414?page=,25,Food - Candy and Gum,Gummy Candy & Jelly Beans,Sour Candy,,
33,34,https://www.walmart.com/browse/gummy-candy-jelly-beans/sour-patch-kids/976759_1096070_1224975_9856221?page=,4,Food - Candy and Gum,Gummy Candy & Jelly Beans,Sour Patch Kids,,
34,35,https://www.walmart.com/browse/gummy-candy-jelly-beans/starburst/976759_1096070_1224975_8833586?page=,4,Food - Candy and Gum,Gummy Candy & Jelly Beans,Starburst,,
35,36,https://www.walmart.com/browse/gummy-candy-jelly-beans/swedish-fish/976759_1096070_1224975_9864472?page=,2,Food - Candy and Gum,Gummy Candy & Jelly Beans,Swedish Fish,,
36,37,https://www.walmart.com/browse/gummy-candy-jelly-beans/tootsie-roll/976759_1096070_1224975_1346090?page=,8,Food - Candy and Gum,Gummy Candy & Jelly Beans,Tootsie Roll,,
37,38,https://www.walmart.com/browse/gummy-candy-jelly-beans/trolli/976759_1096070_1224975_4803960?page=,4,Food - Candy and Gum,Gummy Candy & Jelly Beans,Trolli,,
38,39,https://www.walmart.com/browse/gummy-candy-jelly-beans/twizzlers/976759_1096070_1224975_2014330?page=,2,Food - Candy and Gum,Gummy Candy & Jelly Beans,Twizzlers,,
39,40,https://www.walmart.com/browse/gummy-candy-jelly-beans/werther-s-originals/976759_1096070_1224975_3575295?page=,4,Food - Candy and Gum,Gummy Candy & Jelly Beans,Werther's Originals,,
40,41,https://www.walmart.com/browse/hard-candy-lollipops/brach-s-candy/976759_1096070_1224979_5836711?page=,3,Food - Candy and Gum,Hard Candy & Lollipops,Brach's Candy,,
41,42,https://www.walmart.com/browse/hard-candy-lollipops/dum-dums/976759_1096070_1224979_2425607?page=,2,Food - Candy and Gum,Hard Candy & Lollipops,Dum Dums,,
42,43,https://www.walmart.com/browse/hard-candy-lollipops/ginger-candy/976759_1096070_1224979_5039530?page=,4,Food - Candy and Gum,Hard Candy & Lollipops,Ginger Candy,,
43,44,https://www.walmart.com/browse/hard-candy-lollipops/hard-candy/976759_1096070_1224979_3137292?page=,25,Food - Candy and Gum,Hard Candy & Lollipops,Hard Candy,,
44,45,https://www.walmart.com/browse/hard-candy-lollipops/jolly-rancher/976759_1096070_1224979_4346109?page=,4,Food - Candy and Gum,Hard Candy & Lollipops,Jolly Rancher,,
45,46,https://www.walmart.com/browse/hard-candy-lollipops/life-savers/976759_1096070_1224979_9362798?page=,1,Food - Candy and Gum,Hard Candy & Lollipops,Life Savers,,
46,47,https://www.walmart.com/browse/hard-candy-lollipops/lollipops-suckers/976759_1096070_1224979_7528469?page=,25,Food - Candy and Gum,Hard Candy & Lollipops,Lollipops & Suckers,,
47,48,https://www.walmart.com/browse/hard-candy-lollipops/nerds/976759_1096070_1224979_6328972?page=,2,Food - Candy and Gum,Hard Candy & Lollipops,Nerds,,
48,49,https://www.walmart.com/browse/hard-candy-lollipops/pez-candy/976759_1096070_1224979_3389302?page=,6,Food - Candy and Gum,Hard Candy & Lollipops,Pez Candy,,
49,50,https://www.walmart.com/browse/hard-candy-lollipops/shop-all/976759_1096070_1224979_7860988?page=,25,Food - Candy and Gum,Hard Candy & Lollipops,Shop All,,
50,51,https://www.walmart.com/browse/candy/sugar-free-candy/976759_1096070_1517562?page=,19,Food - Candy and Gum,Hard Candy & Lollipops,Sugar Free Candy,,
51,52,https://www.walmart.com/browse/gum/5-gum/976759_1096070_1224977_6443378?page=,2,Food - Candy and Gum,Gum,5 Gum,,
52,53,https://www.walmart.com/browse/gum/bubble-gum/976759_1096070_1224977_2039307?page=,15,Food - Candy and Gum,Gum,Bubble Gum,,
53,54,https://www.walmart.com/browse/gum/chiclet-gum/976759_1096070_1224977_6484124?page=,0,Food - Candy and Gum,Gum,Chiclet gum,,
54,55,https://www.walmart.com/browse/gum/eclipse-gum/976759_1096070_1224977_9393507?page=,2,Food - Candy and Gum,Gum,Eclipse Gum,,
55,56,https://www.walmart.com/browse/gum/extra-gum/976759_1096070_1224977_2566608?page=,3,Food - Candy and Gum,Gum,Extra Gum,,
56,57,https://www.walmart.com/browse/gum/ice-breakers-gum/976759_1096070_1224977_5365518?page=,3,Food - Candy and Gum,Gum,Ice Breakers Gum,,
57,58,https://www.walmart.com/browse/gum/mentos-gum/976759_1096070_1224977_2349191?page=,3,Food - Candy and Gum,Gum,Mentos Gum,,
58,59,https://www.walmart.com/browse/gum/orbit-gum/976759_1096070_1224977_3246659?page=,3,Food - Candy and Gum,Gum,Orbit Gum,,
59,60,https://www.walmart.com/browse/gum/shop-all-gum/976759_1096070_1224977_1572366?page=,25,Food - Candy and Gum,Gum,Shop All Gum,,
60,61,https://www.walmart.com/browse/gum/simply-gum/976759_1096070_1224977_3844960?page=,1,Food - Candy and Gum,Gum,Simply Gum,,
61,62,https://www.walmart.com/browse/gum/tic-tac-gum/976759_1096070_1224977_8346343?page=,1,Food - Candy and Gum,Gum,Tic Tac Gum,,
62,63,https://www.walmart.com/browse/gum/trident-gum/976759_1096070_1224977_9974693?page=,7,Food - Candy and Gum,Gum,Trident Gum,,
63,64,https://www.walmart.com/browse/gum/wrigley-gum/976759_1096070_1224977_3533254?page=,10,Food - Candy and Gum,Gum,Wrigley Gum,,
64,65,https://www.walmart.com/browse/gum/xylitol-gum/976759_1096070_1224977_4012214?page=,8,Food - Candy and Gum,Gum,Xylitol Gum,,
65,66,https://www.walmart.com/browse/candy/gift-baskets-food-gifts/976759_1096070_4578880?page=,1,Food - Candy and Gum,Gift Baskets & Food Gifts,Gift Baskets & Food Gifts,,
66,67,https://www.walmart.com/browse/mints/altoids/976759_1096070_1224978_2084114?page=,2,Food - Candy and Gum,Mints,Altoids,,
67,68,https://www.walmart.com/browse/mints/breath-savers/976759_1096070_1224978_2373013?page=,1,Food - Candy and Gum,Mints,Breath Savers,,
68,69,https://www.walmart.com/browse/mints/ice-breaker-mints/976759_1096070_1224978_4905438?page=,2,Food - Candy and Gum,Mints,Ice Breaker Mints,,
69,70,https://www.walmart.com/browse/mints/life-savers/976759_1096070_1224978_2106125?page=,1,Food - Candy and Gum,Mints,Life Savers,,
70,71,https://www.walmart.com/browse/mints/mentos/976759_1096070_1224978_9942528?page=,2,Food - Candy and Gum,Mints,Mentos,,
71,72,https://www.walmart.com/browse/mints/shop-all-mints/976759_1096070_1224978_4579683?page=,25,Food - Candy and Gum,Mints,Shop All Mints,,
72,73,https://www.walmart.com/browse/mints/tic-tacs/976759_1096070_1224978_1703350?page=,2,Food - Candy and Gum,Mints,Tic Tacs,,
73,74,https://www.walmart.com/browse/variety-bulk-candy/children-s-party/976759_1096070_1224980_1381998?page=,4,Food - Candy and Gum,Variety & Bulk Candy,Children's Party,,
74,75,https://www.walmart.com/browse/variety-bulk-candy/office-candy/976759_1096070_1224980_6270829?page=,3,Food - Candy and Gum,Variety & Bulk Candy,Office Candy,,
75,76,https://www.walmart.com/browse/variety-bulk-candy/wholesale-candy/976759_1096070_1224980_8149011?page=,5,Food - Candy and Gum,Variety & Bulk Candy,Wholesale Candy,,
76,77,https://www.walmart.com/browse/candy/sugar-free-candy/976759_1096070_1517562?page=,19,Food - Candy and Gum,Sugar Free Candy,Sugar Free Candy,,
77,78,https://www.walmart.com/browse/candy/hershey-s-snacks/976759_1096070_7479237?page=,1,Food - Candy and Gum,Hershey's Snacks,Hershey's Snacks,,
78,79,https://www.walmart.com/browse/candy/clearance-candy/976759_1096070_7787554?page=,0,Food - Candy and Gum,Clearance Candy,Clearance Candy,,
79,80,https://www.walmart.com/browse/chocolate-candy-gifts/chocolate-candy-gifts/976759_1089004_5339481_9494193?page=,12,Food - Candy and Gum,Chocolate & Candy Gifts,All Chocolate & Candy Gifts,,
80,81,https://www.walmart.com/browse/chocolate-candy-gifts/chocolate-boxes/976759_1089004_5339481_6286434?page=,25,Food - Candy and Gum,Chocolate & Candy Gifts,Chocolate Boxes,,
81,82,https://www.walmart.com/browse/chocolate-candy-gifts/christmas-candy/976759_1089004_5339481_9794851?page=,11,Food - Candy and Gum,Chocolate & Candy Gifts,Christmas Candy,,
82,83,https://www.walmart.com/browse/chocolate-candy-gifts/hershey-s-candy/976759_1089004_5339481_6030945?page=,5,Food - Candy and Gum,Chocolate & Candy Gifts,Hershey's Candy,,
83,84,https://www.walmart.com/browse/easter-candy-food/hershey-s-easter-chocolate-candy-and-treats/976759_1567409_7567150_1407602?page=,3,Food - Candy and Gum,Hershey's Easter Chocolate Candy and Treats,Hershey's Easter Chocolate Candy and Treats,,
84,85,https://www.walmart.com/browse/breakfast-cereal/all-cereal/976759_976783_1231208_4423991?page=,25,Food - Breakfast and Cereal,Breakfast Cereal,All Cereal,,
85,86,https://www.walmart.com/browse/breakfast-cereal/bag-cereal/976759_976783_1231208_4666564?page=,2,Food - Breakfast and Cereal,Breakfast Cereal,Bag Cereal,,
86,87,https://www.walmart.com/browse/breakfast-cereal/cheerios/976759_976783_1231208_8624385?page=,1,Food - Breakfast and Cereal,Breakfast Cereal,Cheerios,,
87,88,https://www.walmart.com/browse/breakfast-cereal/general-mills-cereal/976759_976783_1231208_4498827?page=,6,Food - Breakfast and Cereal,Breakfast Cereal,General Mills Cereal,,
88,89,https://www.walmart.com/browse/breakfast-cereal/gluten-free-cereal/976759_976783_1231208_6180608?page=,4,Food - Breakfast and Cereal,Breakfast Cereal,Gluten Free Cereal,,
89,90,https://www.walmart.com/browse/breakfast-cereal/great-value-cereal/976759_976783_1231208_4544441?page=,1,Food - Breakfast and Cereal,Breakfast Cereal,Great Value Cereal,,
90,91,https://www.walmart.com/browse/breakfast-cereal/healthy-cereal/976759_976783_1231208_4795883?page=,3,Food - Breakfast and Cereal,Breakfast Cereal,Healthy Cereal,,
91,92,https://www.walmart.com/browse/breakfast-cereal/kellogg-s-cereals/976759_976783_1231208_5607655?page=,12,Food - Breakfast and Cereal,Breakfast Cereal,Kellogg's Cereals,,
92,93,https://www.walmart.com/browse/breakfast-cereal/kids-cereal/976759_976783_1231208_5549868?page=,3,Food - Breakfast and Cereal,Breakfast Cereal,Kids' Cereal,,
93,94,https://www.walmart.com/browse/breakfast-cereal/new-cereal/976759_976783_1231208_2660937?page=,1,Food - Breakfast and Cereal,Breakfast Cereal,New Cereal,,
94,95,https://www.walmart.com/browse/breakfast-cereal/new-from-general-mills/976759_976783_1231208_2698005?page=,1,Food - Breakfast and Cereal,Breakfast Cereal,New from General Mills,,
95,96,https://www.walmart.com/browse/breakfast-cereal/post-cereal/976759_976783_1231208_3470568?page=,3,Food - Breakfast and Cereal,Breakfast Cereal,Post Cereal,,
96,97,https://www.walmart.com/browse/oatmeal-grits/grits/976759_976783_1231210_1231211?page=,3,Food - Breakfast and Cereal,Oatmeal & Grits,Grits,,
97,98,https://www.walmart.com/browse/oatmeal-grits/hot-cereal/976759_976783_1231210_3990999?page=,5,Food - Breakfast and Cereal,Oatmeal & Grits,Hot Cereal,,
98,99,https://www.walmart.com/browse/oatmeal-grits/oatmeal/976759_976783_1231210_2935294?page=,25,Food - Breakfast and Cereal,Oatmeal & Grits,Oatmeal,,
99,100,https://www.walmart.com/browse/nut-butters-spreads/almond-butter/976759_976786_1018820_7052745?page=,7,Food - Breakfast and Cereal,Nut Butters & Spreads,Almond Butter,,
100,101,https://www.walmart.com/browse/nut-butters-spreads/cashew-butter/976759_976786_1018820_7934191?page=,2,Food - Breakfast and Cereal,Nut Butters & Spreads,Cashew Butter,,
101,102,https://www.walmart.com/browse/nut-butters-spreads/jif/976759_976786_1018820_8941820?page=,1,Food - Breakfast and Cereal,Nut Butters & Spreads,Jif,,
102,103,https://www.walmart.com/browse/nut-butters-spreads/nutella/976759_976786_1018820_9531725?page=,2,Food - Breakfast and Cereal,Nut Butters & Spreads,Nutella,,
103,104,https://www.walmart.com/browse/nut-butters-spreads/peanut-butter/976759_976786_1018820_6347787?page=,11,Food - Breakfast and Cereal,Nut Butters & Spreads,Peanut Butter,,
104,105,https://www.walmart.com/browse/nut-butters-spreads/sunflower-butter/976759_976786_1018820_2955646?page=,1,Food - Breakfast and Cereal,Nut Butters & Spreads,Sunflower Butter,,
105,106,https://www.walmart.com/browse/breakfast-cereal/cereal-bars-breakfast-bars/976759_976783_1001332?page=,25,Food - Breakfast and Cereal,Cereal Bars & Breakfast Bars,Cereal Bars & Breakfast Bars,,
106,107,https://www.walmart.com/browse/breakfast-cereal/kids-favorites/976759_976783_2440347?page=,3,Food - Breakfast and Cereal,Kids' Favorites,Kids' Favorites,,
107,108,https://www.walmart.com/browse/breakfast-cereal/pop-tarts-toaster-pastries/976759_976783_1001336?page=,5,Food - Breakfast and Cereal,Pop,Pop-Tarts & Toaster Pastries,,
108,109,https://www.walmart.com/browse/breakfast-cereal/classic-pop-tarts-toaster-pastries/976759_976783_6104507?page=,1,Food - Breakfast and Cereal,Classic Pop,Classic Pop-Tarts Toaster Pastries,,
109,110,https://www.walmart.com/browse/breakfast-cereal/kellogg-s-rice-krispies-treats-cereal-bars/976759_976783_4572072?page=,1,Food - Breakfast and Cereal,Kellogg's Rice Krispies Treats Cereal Bars,Kellogg's Rice Krispies Treats Cereal Bars,,
110,111,https://www.walmart.com/browse/breakfast-cereal/pancake-waffle-mix/976759_976783_1231206?page=,2,Food - Breakfast and Cereal,Pancake & Waffle Mix,Pancake & Waffle Mix,,
111,112,https://www.walmart.com/browse/breakfast-cereal/quaker-breakfast/976759_976783_9424911?page=,2,Food - Breakfast and Cereal,Quaker Breakfast,Quaker Breakfast,,
112,113,https://www.walmart.com/browse/granola-muesli/granola/976759_976783_1231209_1377018?page=,25,Food - Breakfast and Cereal,Granola & Muesli,Granola,,
113,114,https://www.walmart.com/browse/granola-muesli/muesli/976759_976783_1231209_3159364?page=,3,Food - Breakfast and Cereal,Granola & Muesli,Muesli,,
114,115,https://www.walmart.com/browse/breakfast-cereal/treat-yourself-pop-tarts-toaster-pastries/976759_976783_2891591?page=,1,Food - Breakfast and Cereal,Treat Yourself Pop,Treat Yourself Pop-Tarts Toaster Pastries,,
115,116,https://www.walmart.com/browse/breakfast-cereal/energy-boosting-breakfast/976759_976783_4066706?page=,2,Food - Breakfast and Cereal,Energy Boosting Breakfast,Energy Boosting Breakfast,,
116,117,https://www.walmart.com/browse/breakfast-cereal/fiber-one-breakfast-snack-bars/976759_976783_7968162?page=,1,Food - Breakfast and Cereal,Fiber One Breakfast & Snack Bars,Fiber One Breakfast & Snack Bars,,
117,118,https://www.walmart.com/browse/breakfast-cereal/fruity-breakfast/976759_976783_3998702?page=,2,Food - Breakfast and Cereal,Fruity Breakfast,Fruity Breakfast,,
118,119,https://www.walmart.com/browse/breakfast-cereal/general-mills-cereal-treat-bars/976759_976783_5504375?page=,1,Food - Breakfast and Cereal,General Mills Cereal Treat Bars,General Mills Cereal Treat Bars,,
119,120,https://www.walmart.com/browse/breakfast-cereal/indulgent-breakfast/976759_976783_7148587?page=,2,Food - Breakfast and Cereal,Indulgent Breakfast,Indulgent Breakfast,,
120,121,https://www.walmart.com/browse/breakfast-cereal/kellogg-s-nutri-grain-soft-baked-breakfast-bars/976759_976783_1831416?page=,1,Food - Breakfast and Cereal,Kellogg's Nutri,Kellogg's Nutri-Grain Soft Baked Breakfast Bars,,
121,122,https://www.walmart.com/browse/breakfast-cereal/new-and-limited-time-only-pop-tarts-and-toaster-pastries/976759_976783_3031519?page=,1,Food - Breakfast and Cereal,New and Limited Time Only Pop,New and Limited Time Only Pop-Tarts and Toaster Pastries,,
122,123,https://www.walmart.com/browse/breakfast-cereal/pop-tarts-bites/976759_976783_5700511?page=,1,Food - Breakfast and Cereal,Pop,Pop-Tarts Bites,,
123,124,https://www.walmart.com/browse/food/asian-snacks/976759_5148628_1228025_1228102_2086581?page=,1,Food - Asian Market,Snacks,Snacks,,
124,125,https://www.walmart.com/browse/food/asian-sauces-condiments-cooking-needs/976759_5148628_1228025_1228102_5967969?page=,2,Food - Asian Market,Sauces and Condiments,Sauces and Condiments,,
125,126,https://www.walmart.com/browse/food/asian-rice-grains-noodles/976759_5148628_1228025_1228102_7602146?page=,2,Food - Asian Market,Noodles and Grains,Noodles and Grains,,
126,127,https://www.walmart.com/browse/food/shop-all-asian-market/976759_5148628_1228025_1228102_9127385?page=,5,Food - Asian Market,Shop all Asian Foods,Shop all Asian Foods,,
127,128,https://www.walmart.com/browse/condiments-sauces-spices/all-salt-spices-seasoning/976759_976786_8191625?page=,25,Food - Condiments,Salt, Spices & Seasoning,All Salt, Spices & Seasoning
128,129,https://www.walmart.com/browse/salt-spices-seasoning/mixed-spices-seasonings/976759_976786_1007682_4019297?page=,25,Food - Condiments,Salt, Spices & Seasoning,Mixed Spices & Seasonings,
129,130,https://www.walmart.com/browse/salt-spices-seasoning/pepper-peppercorns/976759_976786_1007682_5307367?page=,25,Food - Condiments,Salt, Spices & Seasoning,Pepper & Peppercorns,
130,131,https://www.walmart.com/browse/salt-spices-seasoning/salt-salt-substitutes/976759_976786_1007682_7559954?page=,25,Food - Condiments,Salt, Spices & Seasoning,Salt & Salt Substitutes,
131,132,https://www.walmart.com/browse/salt-spices-seasoning/single-herbs-spices/976759_976786_1007682_2008977?page=,25,Food - Condiments,Salt, Spices & Seasoning,Single Herbs & Spices,
132,133,https://www.walmart.com/browse/condiments/condiments/976759_976786_9696846_1001363?page=,25,Food - Condiments,Condiments,All Condiments,,
133,134,https://www.walmart.com/browse/condiments/asian-sauces/976759_976786_9696846_1547628?page=,8,Food - Condiments,Condiments,Asian Sauces,,
134,135,https://www.walmart.com/browse/condiments/bbq-sauces/976759_976786_9696846_9999057?page=,25,Food - Condiments,Condiments,BBQ Sauces,,
135,136,https://www.walmart.com/browse/condiments/bulk-sizes/976759_976786_9696846_4567256?page=,3,Food - Condiments,Condiments,Bulk Sizes,,
136,137,https://www.walmart.com/browse/condiments/hot-sauce/976759_976786_9696846_5998141?page=,25,Food - Condiments,Condiments,Hot Sauce,,
137,138,https://www.walmart.com/browse/condiments/ketchup/976759_976786_9696846_8912372?page=,12,Food - Condiments,Condiments,Ketchup,,
138,139,https://www.walmart.com/browse/condiments/marinades/976759_976786_9696846_3225715?page=,5,Food - Condiments,Condiments,Marinades,,
139,140,https://www.walmart.com/browse/condiments/mayonnaise/976759_976786_9696846_5399470?page=,15,Food - Condiments,Condiments,Mayonnaise,,
140,141,https://www.walmart.com/browse/condiments/mustards/976759_976786_9696846_1868509?page=,25,Food - Condiments,Condiments,Mustards,,
141,142,https://www.walmart.com/browse/condiments/sir-kensington-s/976759_976786_9696846_8508384?page=,2,Food - Condiments,Condiments,Sir Kensington's,,
142,143,https://www.walmart.com/browse/condiments/soy-sauces/976759_976786_9696846_2015574?page=,25,Food - Condiments,Condiments,Soy Sauces,,
143,144,https://www.walmart.com/browse/oils-shortening/all-oil-shortening/976759_976786_4711712_1044152?page=,25,Food - Condiments,Oils & Shortening,All Oil & Shortening,,
144,145,https://www.walmart.com/browse/oils-shortening/avocado-oils/976759_976786_4711712_7827119?page=,2,Food - Condiments,Oils & Shortening,Avocado Oils,,
145,146,https://www.walmart.com/browse/oils-shortening/canola-oils/976759_976786_4711712_3599566?page=,2,Food - Condiments,Oils & Shortening,Canola Oils,,
146,147,https://www.walmart.com/browse/oils-shortening/coconut-oil-for-cooking/976759_976786_4711712_2287183?page=,10,Food - Condiments,Oils & Shortening,Coconut Oil for Cooking,,
147,148,https://www.walmart.com/browse/oils-shortening/cooking-oils/976759_976786_4711712_1314508?page=,5,Food - Condiments,Oils & Shortening,Cooking Oils,,
148,149,https://www.walmart.com/browse/oils-shortening/lards/976759_976786_4711712_6113036?page=,1,Food - Condiments,Oils & Shortening,Lards,,
149,150,https://www.walmart.com/browse/oils-shortening/olive-oils/976759_976786_4711712_2569148?page=,22,Food - Condiments,Oils & Shortening,Olive Oils,,
150,151,https://www.walmart.com/browse/oils-shortening/peanut-oils/976759_976786_4711712_2146129?page=,1,Food - Condiments,Oils & Shortening,Peanut Oils,,
151,152,https://www.walmart.com/browse/oils-shortening/sesame-oils/976759_976786_4711712_2995622?page=,5,Food - Condiments,Oils & Shortening,Sesame Oils,,
152,153,https://www.walmart.com/browse/oils-shortening/shortening/976759_976786_4711712_9509280?page=,2,Food - Condiments,Oils & Shortening,Shortening,,
153,154,https://www.walmart.com/browse/oils-shortening/truffle-oils/976759_976786_4711712_3854509?page=,2,Food - Condiments,Oils & Shortening,Truffle Oils,,
154,155,https://www.walmart.com/browse/oils-shortening/vegetable-oils/976759_976786_4711712_1728373?page=,2,Food - Condiments,Oils & Shortening,Vegetable Oils,,
155,156,https://www.walmart.com/browse/condiments-sauces-spices/sauces/976759_976786_1076366?page=,25,Food - Condiments,Sauces,Sauces,,
156,157,https://www.walmart.com/browse/salad-dressings/balsamic-dressing/976759_976786_5730644_8476862?page=,3,Food - Condiments,Salad Dressings,Balsamic Dressing,,
157,158,https://www.walmart.com/browse/salad-dressings/caesar-dressing/976759_976786_5730644_3729388?page=,3,Food - Condiments,Salad Dressings,Caesar Dressing,,
158,159,https://www.walmart.com/browse/salad-dressings/coleslaw-dressing/976759_976786_5730644_5633951?page=,1,Food - Condiments,Salad Dressings,Coleslaw Dressing,,
159,160,https://www.walmart.com/browse/salad-dressings/dry-salad-dressing/976759_976786_5730644_2955717?page=,2,Food - Condiments,Salad Dressings,Dry Salad Dressing,,
160,161,https://www.walmart.com/browse/salad-dressings/french-dressing/976759_976786_5730644_9235971?page=,2,Food - Condiments,Salad Dressings,French Dressing,,
161,162,https://www.walmart.com/browse/salad-dressings/hidden-valley-ranch/976759_976786_5730644_3791260?page=,2,Food - Condiments,Salad Dressings,Hidden Valley Ranch,,
162,163,https://www.walmart.com/browse/salad-dressings/italian-dressing/976759_976786_5730644_3178690?page=,5,Food - Condiments,Salad Dressings,Italian Dressing,,
163,164,https://www.walmart.com/browse/salad-dressings/poppyseed-dressing/976759_976786_5730644_4249832?page=,1,Food - Condiments,Salad Dressings,Poppyseed Dressing,,
164,165,https://www.walmart.com/browse/salad-dressings/primal-kitchen-salad-dressing/976759_976786_5730644_4402213?page=,1,Food - Condiments,Salad Dressings,Primal Kitchen Salad Dressing,,
165,166,https://www.walmart.com/browse/salad-dressings/ranch-dressing/976759_976786_5730644_1345093?page=,6,Food - Condiments,Salad Dressings,Ranch Dressing,,
166,167,https://www.walmart.com/browse/salad-dressings/shop-all-salad-dressings/976759_976786_5730644_1001365?page=,25,Food - Condiments,Salad Dressings,Shop All Salad Dressings,,
167,168,https://www.walmart.com/browse/salad-dressings/specialty-dressing/976759_976786_5730644_4547303?page=,7,Food - Condiments,Salad Dressings,Specialty Dressing,,
168,169,https://www.walmart.com/browse/salad-dressings/tessemaes/976759_976786_5730644_9162851?page=,1,Food - Condiments,Salad Dressings,Tessemaes,,
169,170,https://www.walmart.com/browse/salad-dressings/thousand-island-dressing/976759_976786_5730644_2227127?page=,2,Food - Condiments,Salad Dressings,Thousand Island Dressing,,
170,171,https://www.walmart.com/browse/condiments-sauces-spices/honey/976759_976786_1007699?page=,25,Food - Condiments,Honey,Honey,,
171,172,https://www.walmart.com/browse/condiments-sauces-spices/syrups-sweeteners/976759_976786_1008040?page=,25,Food - Condiments,Syrups & Sweeteners,Syrups & Sweeteners,,
172,173,https://www.walmart.com/browse/condiments-sauces-spices/vinegar/976759_976786_1001366?page=,25,Food - Condiments,Vinegar,Vinegar,,
173,174,https://www.walmart.com/browse/olives/black-olives/976759_976786_6379931_3057716?page=,3,Food - Condiments,Olives,Black Olives,,
174,175,https://www.walmart.com/browse/olives/green-olives/976759_976786_6379931_9020655?page=,1,Food - Condiments,Olives,Green Olives,,
175,176,https://www.walmart.com/browse/olives/kalamata-olives/976759_976786_6379931_9448286?page=,5,Food - Condiments,Olives,Kalamata Olives,,
176,177,https://www.walmart.com/browse/olives/manzanilla-olives/976759_976786_6379931_6882150?page=,2,Food - Condiments,Olives,Manzanilla Olives,,
177,178,https://www.walmart.com/browse/olives/shop-all-olives/976759_976786_6379931_1044186?page=,23,Food - Condiments,Olives,Shop All Olives,,
178,179,https://www.walmart.com/browse/olives/snacking-olives/976759_976786_6379931_1440603?page=,1,Food - Condiments,Olives,Snacking Olives,,
179,180,https://www.walmart.com/browse/olives/stuffed-olives/976759_976786_6379931_7415069?page=,3,Food - Condiments,Olives,Stuffed Olives,,
180,181,https://www.walmart.com/browse/pickles/bread-butter-pickles/976759_976786_3273605_4040740?page=,2,Food - Condiments,Pickles,Bread & Butter Pickles,,
181,182,https://www.walmart.com/browse/pickles/dill-pickles/976759_976786_3273605_7404523?page=,3,Food - Condiments,Pickles,Dill Pickles,,
182,183,https://www.walmart.com/browse/pickles/hot-pickles/976759_976786_3273605_5473434?page=,1,Food - Condiments,Pickles,Hot Pickles,,
183,184,https://www.walmart.com/browse/pickles/mt-olive/976759_976786_3273605_6488583?page=,2,Food - Condiments,Pickles,Mt. Olive,,
184,185,https://www.walmart.com/browse/pickles/shop-all-pickles/976759_976786_3273605_1044187?page=,25,Food - Condiments,Pickles,Shop All Pickles,,
185,186,https://www.walmart.com/browse/pickles/sour-pickles/976759_976786_3273605_5428636?page=,1,Food - Condiments,Pickles,Sour Pickles,,
186,187,https://www.walmart.com/browse/pickles/specialty-pickle-brands/976759_976786_3273605_5837026?page=,1,Food - Condiments,Pickles,Specialty Pickle Brands,,
187,188,https://www.walmart.com/browse/pickles/sweet-pickles/976759_976786_3273605_3728941?page=,1,Food - Condiments,Pickles,Sweet Pickles,,
188,189,https://www.walmart.com/browse/pickles/vlasic-pickles/976759_976786_3273605_8455262?page=,2,Food - Condiments,Pickles,Vlasic Pickles,,
189,190,https://www.walmart.com/browse/jams-jellies-and-preserves/bonne-maman/976759_976786_4439815_5102193?page=,3,Food - Condiments,Jams, Jellies and Preserves,Bonne Maman,
190,191,https://www.walmart.com/browse/jams-jellies-and-preserves/jam-jelly-preserves/976759_976786_4439815_1007659?page=,25,Food - Condiments,Jams, Jellies and Preserves,Jam,
191,192,https://www.walmart.com/browse/jams-jellies-and-preserves/jams/976759_976786_4439815_4206490?page=,4,Food - Condiments,Jams, Jellies and Preserves,Jams,
192,193,https://www.walmart.com/browse/jams-jellies-and-preserves/jellies/976759_976786_4439815_5135919?page=,3,Food - Condiments,Jams, Jellies and Preserves,Jellies,
193,194,https://www.walmart.com/browse/jams-jellies-and-preserves/preserves/976759_976786_4439815_3614424?page=,6,Food - Condiments,Jams, Jellies and Preserves,Preserves,
194,195,https://www.walmart.com/browse/jams-jellies-and-preserves/smucker-s/976759_976786_4439815_7181651?page=,3,Food - Condiments,Jams, Jellies and Preserves,Smucker's,
195,196,https://www.walmart.com/browse/condiments-sauces-spices/all-salt-spices-seasoning/976759_976786_8191625?page=,25,Food - Condiments,All Salt, Spices & Seasoning,All Salt,
196,197,https://www.walmart.com/browse/olives/black-olives/976759_976786_6379931_3057716?page=,3,Food - Condiments,Black Olives,Black Olives,, Jelly & Preserves
197,198,https://www.walmart.com/browse/condiments-sauces-spices/chutneys-relishes/976759_976786_1044185?page=,7,Food - Condiments,Chutneys & Relishes,Chutneys & Relishes,,
198,199,https://www.walmart.com/browse/gravy/all-gravies/976759_976786_1526042_7441926?page=,12,Food - Condiments,Gravy,All Gravies,,
199,200,https://www.walmart.com/browse/gravy/beef-gravy/976759_976786_1526042_3382468?page=,2,Food - Condiments,Gravy,Beef Gravy,,
200,201,https://www.walmart.com/browse/gravy/brown-gravy/976759_976786_1526042_2250794?page=,3,Food - Condiments,Gravy,Brown Gravy,,
201,202,https://www.walmart.com/browse/gravy/chicken-gravy/976759_976786_1526042_3367971?page=,2,Food - Condiments,Gravy,Chicken Gravy,, Spices & Seasoning
202,203,https://www.walmart.com/browse/gravy/country-gravy/976759_976786_1526042_2771733?page=,2,Food - Condiments,Gravy,Country Gravy,,
203,204,https://www.walmart.com/browse/gravy/sausage-gravy/976759_976786_1526042_5812102?page=,1,Food - Condiments,Gravy,Sausage Gravy,,
204,205,https://www.walmart.com/browse/gravy/turkey-gravy/976759_976786_1526042_9414541?page=,2,Food - Condiments,Gravy,Turkey Gravy,,
205,206,https://www.walmart.com/browse/condiments-sauces-spices/manuka-honey/976759_976786_3958746?page=,4,Food - Condiments,Manuka Honey,Manuka Honey,,
206,207,https://www.walmart.com/browse/salad-toppings/bacon-bits/976759_976786_1745800_9047760?page=,2,Food - Condiments,Salad Toppings,Bacon Bits,,
207,208,https://www.walmart.com/browse/salad-toppings/croutons/976759_976786_1745800_3340029?page=,4,Food - Condiments,Salad Toppings,Croutons,,
208,209,https://www.walmart.com/browse/salad-toppings/french-fried-onions/976759_976786_1745800_9832473?page=,1,Food - Condiments,Salad Toppings,French Fried Onions,,
209,210,https://www.walmart.com/browse/salad-toppings/shop-all-salad-toppings/976759_976786_1745800_6041880?page=,7,Food - Condiments,Salad Toppings,Shop All Salad Toppings,,
210,211,https://www.walmart.com/browse/vinegars/apple-cider-vinegar/976759_976786_3896160_7477287?page=,2,Food - Condiments,Vinegars,Apple Cider Vinegar,,
211,212,https://www.walmart.com/browse/vinegars/balsamic-vinegar/976759_976786_3896160_3966324?page=,10,Food - Condiments,Vinegars,Balsamic Vinegar,,
212,213,https://www.walmart.com/browse/vinegars/bragg-apple-cider-vinegar/976759_976786_3896160_6805636?page=,1,Food - Condiments,Vinegars,Bragg Apple Cider Vinegar,,
213,214,https://www.walmart.com/browse/vinegars/cooking-wine/976759_976786_3896160_4383459?page=,4,Food - Condiments,Vinegars,Cooking Wine,,
214,215,https://www.walmart.com/browse/vinegars/rice-vinegar/976759_976786_3896160_2090340?page=,2,Food - Condiments,Vinegars,Rice Vinegar,,
215,216,https://www.walmart.com/browse/vinegars/shop-all-vinegar/976759_976786_3896160_2520364?page=,25,Food - Condiments,Vinegars,Shop All Vinegar,,
216,217,https://www.walmart.com/browse/vinegars/white-vinegar/976759_976786_3896160_5158693?page=,1,Food - Condiments,Vinegars,White Vinegar,,
217,218,https://www.walmart.com/browse/pickles/vlasic-pickles/976759_976786_3273605_8455262?page=,2,Food - Condiments,Vlasic Pickles,Vlasic Pickles,,
218,219,https://www.walmart.com/browse/coffee/ground-coffee/976759_1086446_1229651?page=,25,Food - Coffee,Ground Coffee,Ground Coffee,,
219,220,https://www.walmart.com/browse/coffee/single-serve-cups-pods/976759_1086446_1229653?page=,25,Food - Coffee,Single,Single-Serve Cups & Pods,,
220,221,https://www.walmart.com/browse/instant-coffee/all-instant-coffee/976759_1086446_1229650_6624280?page=,25,Food - Coffee,Instant Coffee,All Instant Coffee,,
221,222,https://www.walmart.com/browse/instant-coffee/cafe-bustelo-instant-coffee/976759_1086446_1229650_1712086?page=,1,Food - Coffee,Instant Coffee,Cafe Bustelo Instant Coffee,,
222,223,https://www.walmart.com/browse/instant-coffee/cappuccino-instant-coffee/976759_1086446_1229650_5035898?page=,4,Food - Coffee,Instant Coffee,Cappuccino Instant Coffee,,
223,224,https://www.walmart.com/browse/instant-coffee/coffee-substitutes/976759_1086446_1229650_7217826?page=,6,Food - Coffee,Instant Coffee,Coffee Substitutes,,
224,225,https://www.walmart.com/browse/instant-coffee/community-instant-coffee/976759_1086446_1229650_1463369?page=,1,Food - Coffee,Instant Coffee,Community Instant Coffee,,
225,226,https://www.walmart.com/browse/instant-coffee/decaf-instant-coffee/976759_1086446_1229650_8351875?page=,3,Food - Coffee,Instant Coffee,Decaf Instant Coffee,,
226,227,https://www.walmart.com/browse/instant-coffee/espresso-powder/976759_1086446_1229650_8113865?page=,2,Food - Coffee,Instant Coffee,Espresso Powder,,
227,228,https://www.walmart.com/browse/instant-coffee/folgers-instant-coffee/976759_1086446_1229650_6238247?page=,1,Food - Coffee,Instant Coffee,Folgers Instant Coffee,,
228,229,https://www.walmart.com/browse/instant-coffee/gevalia-instant-coffee/976759_1086446_1229650_7176268?page=,1,Food - Coffee,Instant Coffee,Gevalia Instant Coffee,,
229,230,https://www.walmart.com/browse/instant-coffee/great-value-instant-coffee/976759_1086446_1229650_8607506?page=,1,Food - Coffee,Instant Coffee,Great Value Instant Coffee,,
230,231,https://www.walmart.com/browse/instant-coffee/hills-bros-cappuccino/976759_1086446_1229650_4155484?page=,1,Food - Coffee,Instant Coffee,Hills Bros Cappuccino,,
231,232,https://www.walmart.com/browse/instant-coffee/maxwell-house-instant-coffee/976759_1086446_1229650_1937039?page=,1,Food - Coffee,Instant Coffee,Maxwell House Instant Coffee,,
232,233,https://www.walmart.com/browse/instant-coffee/nescafe-instant-coffee/976759_1086446_1229650_7429052?page=,5,Food - Coffee,Instant Coffee,Nescafe Instant Coffee,,
233,234,https://www.walmart.com/browse/instant-coffee/new-instant-coffee/976759_1086446_1229650_2854190?page=,1,Food - Coffee,Instant Coffee,New Instant Coffee,,
234,235,https://www.walmart.com/browse/instant-coffee/sanka-coffee/976759_1086446_1229650_7952160?page=,1,Food - Coffee,Instant Coffee,Sanka Coffee,,
235,236,https://www.walmart.com/browse/instant-coffee/starbucks-instant-coffee/976759_1086446_1229650_2388906?page=,1,Food - Coffee,Instant Coffee,Starbucks Instant Coffee,,
236,237,https://www.walmart.com/browse/coffee/bulletproof/976759_1086446_4288945?page=,2,Food - Coffee,Bottled Coffee,Bulletproof,,
237,238,https://www.walmart.com/browse/bottled-coffee/coffee-shots/976759_1086446_1229654_1801528?page=,1,Food - Coffee,Bottled Coffee,Coffee Shots,,
238,239,https://www.walmart.com/browse/bottled-coffee/dunkin-donuts-iced-coffee/976759_1086446_1229654_9284012?page=,1,Food - Coffee,Bottled Coffee,Dunkin' Donuts Iced Coffee,,
239,240,https://www.walmart.com/browse/bottled-coffee/iced-coffee-cold-brew/976759_1086446_1229654_6840303?page=,16,Food - Coffee,Bottled Coffee,Iced Coffee & Cold Brew,,
240,241,https://www.walmart.com/browse/illy-coffee/illy-iced-coffee/976759_1086446_7207956_2547166?page=,1,Food - Coffee,Bottled Coffee,illy Iced Coffee,,
241,242,https://www.walmart.com/browse/bottled-coffee/kitu-super-coffee/976759_1086446_1229654_7128412?page=,1,Food - Coffee,Bottled Coffee,Kitu Super Coffee,,
242,243,https://www.walmart.com/browse/bottled-coffee/starbucks-iced-coffee-and-cold-brew/976759_1086446_1229654_1912073?page=,2,Food - Coffee,Bottled Coffee,Starbucks Iced Coffee and Cold Brew,,
243,244,https://www.walmart.com/browse/coffee-creamers/all-creamers/976759_1086446_1100007_2319792?page=,24,Food - Coffee,Creamers,All Creamers,,
244,245,https://www.walmart.com/browse/coffee-creamers/califia-farms-creamers/976759_1086446_1100007_9155009?page=,1,Food - Coffee,Creamers,Califia Farms Creamers,,
245,246,https://www.walmart.com/browse/coffee-creamers/dairy-creamers/976759_1086446_1100007_2806310?page=,1,Food - Coffee,Creamers,Dairy Creamers,,
246,247,https://www.walmart.com/browse/coffee-creamers/flavored-coffee-creamer/976759_1086446_1100007_3903859?page=,24,Food - Coffee,Creamers,Flavored Coffee Creamer,,
247,248,https://www.walmart.com/browse/coffee-creamers/great-value-creamers/976759_1086446_1100007_1447529?page=,1,Food - Coffee,Creamers,Great Value Creamers,,
248,249,https://www.walmart.com/browse/coffee-creamers/healthy-coffee-creamer/976759_1086446_1100007_8721359?page=,5,Food - Coffee,Creamers,Healthy Coffee Creamer,,
249,250,https://www.walmart.com/browse/coffee-creamers/keto-coffee-creamer/976759_1086446_1100007_9274652?page=,2,Food - Coffee,Creamers,Keto Coffee Creamer,,
250,251,https://www.walmart.com/browse/coffee-creamers/liquid-coffee-creamers/976759_1086446_1100007_8921650?page=,7,Food - Coffee,Creamers,Liquid Coffee Creamers,,
251,252,https://www.walmart.com/browse/coffee-creamers/non-dairy-creamers/976759_1086446_1100007_2301544?page=,24,Food - Coffee,Creamers,Non Dairy Creamers,,
252,253,https://www.walmart.com/browse/coffee-creamers/powder-coffee-creamer/976759_1086446_1100007_3600436?page=,5,Food - Coffee,Creamers,Powder Coffee Creamer,,
253,254,https://www.walmart.com/browse/coffee-creamers/sugar-free-coffee-creamer/976759_1086446_1100007_5381118?page=,3,Food - Coffee,Creamers,Sugar Free Coffee Creamer,,
254,255,https://www.walmart.com/browse/coffee/arabica-coffee/976759_1086446_2559085?page=,25,Food - Coffee,Arabica Coffee,Arabica Coffee,,
255,256,https://www.walmart.com/browse/coffee/keurig-k-cups-coffee-pods/976759_1086446_8135897?page=,25,Food - Coffee,Keurig K,Keurig K-Cups & Coffee Pods,,
256,257,https://www.walmart.com/browse/new-coffee/new-coffee-creamers/976759_1086446_1995978_7265767?page=,1,Food - Coffee,New Coffee,Creamers,,
257,258,https://www.walmart.com/browse/new-coffee/new-bottled-coffee/976759_1086446_1995978_2889560?page=,1,Food - Coffee,New Coffee,New Bottled Coffee,,
258,259,https://www.walmart.com/browse/new-coffee/new-ground-coffee/976759_1086446_1995978_5077823?page=,2,Food - Coffee,New Coffee,New Ground Coffee,,
259,260,https://www.walmart.com/browse/new-coffee/new-single-serve-cups-pods/976759_1086446_1995978_4710751?page=,2,Food - Coffee,New Coffee,New Single Serve Cups & Pods,,
260,261,https://www.walmart.com/browse/new-coffee/new-whole-bean-coffee/976759_1086446_1995978_7158971?page=,1,Food - Coffee,New Coffee,New Whole Bean Coffee,,
261,262,https://www.walmart.com/browse/coffee/whole-bean-coffee/976759_1086446_1229652?page=,25,Food - Coffee,Whole Bean Coffee,Whole Bean Coffee,,
262,263,https://www.walmart.com/browse/coffee-filters/paper-coffee-filters/976759_1086446_1229655_3951471?page=,10,Food - Coffee,Filters,Paper Coffee Filters,,
263,264,https://www.walmart.com/browse/coffee-filters/reusable-coffee-filters/976759_1086446_1229655_9693544?page=,8,Food - Coffee,Filters,Reusable Coffee Filters,,
264,265,https://www.walmart.com/browse/coffee/espresso/976759_1086446_4366064?page=,25,Food - Coffee,Espresso,Espresso,,
265,266,https://www.walmart.com/browse/nespresso-pods-capsules/nespresso-originalline-pods-capsules/976759_1086446_1801480_8334733?page=,3,Food - Coffee,Nespresso Pods & Capsules,Nespresso OriginalLine Pods & Capsules,,
266,267,https://www.walmart.com/browse/nespresso-pods-capsules/nespresso-vertuoline-pods-capsules/976759_1086446_1801480_8021918?page=,1,Food - Coffee,Nespresso Pods & Capsules,Nespresso VertuoLine Pods & Capsules,,
267,268,https://www.walmart.com/browse/coffee/colombian-coffee/976759_1086446_3908418?page=,25,Food - Coffee,Colombian Coffee,Colombian Coffee,,
268,269,https://www.walmart.com/browse/community-coffee/community-ground-coffee/976759_1086446_2425858_4529416?page=,2,Food - Coffee,Community Coffee,Community Ground Coffee,,
269,270,https://www.walmart.com/browse/community-coffee/community-whole-bean-coffee/976759_1086446_2425858_8494655?page=,1,Food - Coffee,Community Coffee,Community Whole Bean Coffee,,
270,271,https://www.walmart.com/browse/decaf-coffee/all-decaf-coffee/976759_1086446_2901896_9623975?page=,25,Food - Coffee,Decaf Coffee,All Decaf Coffee,,
271,272,https://www.walmart.com/browse/decaf-coffee/decaf-ground-coffee/976759_1086446_2901896_4427059?page=,25,Food - Coffee,Decaf Coffee,Decaf Ground Coffee,,
272,273,https://www.walmart.com/browse/decaf-coffee/decaf-k-cups/976759_1086446_2901896_9161249?page=,15,Food - Coffee,Decaf Coffee,Decaf K Cups,,
273,274,https://www.walmart.com/browse/decaf-coffee/decaf-whole-bean-coffee/976759_1086446_2901896_6273614?page=,25,Food - Coffee,Decaf Coffee,Decaf Whole Bean Coffee,,
274,275,https://www.walmart.com/browse/coffee/hills-bros-coffee/976759_1086446_7002469?page=,2,Food - Coffee,Hills Bros Coffee,Hills Bros Coffee,,
275,276,https://www.walmart.com/browse/coffee-roast-to-order/all-coffee-roast-to-order/976759_1086446_6173211_5275803?page=,2,Food - Coffee,Roast to Order,All Coffee Roast to Order,,
276,277,https://www.walmart.com/browse/coffee-roast-to-order/boulder-organic-coffee-roast-to-order/976759_1086446_6173211_4906948?page=,1,Food - Coffee,Roast to Order,Boulder Organic Coffee Roast to Order,,
277,278,https://www.walmart.com/browse/coffee-roast-to-order/dark-roast-to-order-coffee/976759_1086446_6173211_7396297?page=,1,Food - Coffee,Roast to Order,Dark Roast to Order Coffee,,
278,279,https://www.walmart.com/browse/coffee-roast-to-order/decaf-coffee-roast-to-order/976759_1086446_6173211_9788274?page=,1,Food - Coffee,Roast to Order,Decaf Coffee Roast to Order,,
279,280,https://www.walmart.com/browse/coffee-roast-to-order/fair-trade-coffee-roast-to-order/976759_1086446_6173211_6193427?page=,1,Food - Coffee,Roast to Order,Fair Trade Coffee Roast to Order,,
280,281,https://www.walmart.com/browse/coffee-roast-to-order/flavored-coffee-roast-to-order/976759_1086446_6173211_5327432?page=,1,Food - Coffee,Roast to Order,Flavored Coffee Roast to Order,,
281,282,https://www.walmart.com/browse/coffee-roast-to-order/ground-coffee-roast-to-order/976759_1086446_6173211_6184753?page=,1,Food - Coffee,Roast to Order,Ground Coffee Roast to Order,,
282,283,https://www.walmart.com/browse/coffee-roast-to-order/light-roast-to-order-coffee/976759_1086446_6173211_9936296?page=,1,Food - Coffee,Roast to Order,Light Roast to Order Coffee,,
283,284,https://www.walmart.com/browse/coffee-roast-to-order/medium-roast-to-order-coffee/976759_1086446_6173211_5471367?page=,1,Food - Coffee,Roast to Order,Medium Roast to Order Coffee,,
284,285,https://www.walmart.com/browse/coffee-roast-to-order/organic-coffee-roast-to-order/976759_1086446_6173211_2950185?page=,1,Food - Coffee,Roast to Order,Organic Coffee Roast to Order,,
285,286,https://www.walmart.com/cp/single-origin-coffee-roast-to-order/2076004?page=,1,Food - Coffee,Roast to Order,Single Origin Coffee Roast to Order,,
286,287,https://www.walmart.com/browse/coffee-roast-to-order/whole-bean-coffee-roast-to-order/976759_1086446_6173211_8312662?page=,1,Food - Coffee,Roast to Order,Whole Bean Coffee Roast to Order,,
287,288,https://www.walmart.com/browse/seattle-s-best-coffee/seattle-s-best-coffee-pods/976759_1086446_3520530_5410332?page=,1,Food - Coffee,Seattle's Best Coffee,Pods,,
288,289,https://www.walmart.com/browse/seattle-s-best-coffee/seattle-s-best-ground-coffee/976759_1086446_3520530_7693223?page=,1,Food - Coffee,Seattle's Best Coffee,Seattle's Best Ground Coffee,,
289,290,https://www.walmart.com/browse/coffee/strong-high-caffeine-coffee/976759_1086446_4754103?page=,4,Food - Coffee,Strong & High Caffeine Coffee,Strong & High Caffeine Coffee,,
290,291,https://www.walmart.com/browse/coffee/coffee-with-chicory/976759_1086446_5471454?page=,25,Food - Coffee,With Chicory,With Chicory,,
291,292,https://www.walmart.com/browse/food/gluten-free-baking-cooking-needs/976759_5148628_4583057_1250486_9085120?page=,12,Food - Gluten Free,Baking and Cooking Needs,Baking and Cooking Needs,,
292,293,https://www.walmart.com/browse/food/gluten-free-breakfast-foods/976759_5148628_4583057_1250486_8949240?page=,25,Food - Gluten Free,Breakfast Foods,Breakfast Foods,,
293,294,https://www.walmart.com/browse/food/gluten-free-meals-side-dishes/976759_5148628_4583057_1250486_9821290?page=,3,Food - Gluten Free,Meals and Side Dishes,Meals and Side Dishes,,
294,295,https://www.walmart.com/browse/food/gluten-free-pasta-grains/976759_5148628_4583057_1250486_7390423?page=,8,Food - Gluten Free,Pasta and Grains,Pasta and Grains,,
295,296,https://www.walmart.com/browse/food/gluten-free-snacks/976759_5148628_4583057_1250486_6502251?page=,4,Food - Gluten Free,Snacks,Snacks,,
296,297,https://www.walmart.com/browse/food/shop-all-gluten-free-foods/976759_5148628_4583057_1250486_4415080?page=,8,Food - Gluten Free,Shop all Gluten Free Foods,Shop all Gluten Free Foods,,
297,298,https://www.walmart.com/browse/specialty-shops/premium-baking-chocolate/976759_5148628_4569562_2635433?page=,2,Food - Premium Chocolate,Baking Chocolate,Baking Chocolate,,
298,299,https://www.walmart.com/browse/specialty-shops/premium-chocolate-bars-and-bags/976759_5148628_4569562_7908469?page=,22,Food - Premium Chocolate,Chocolate Bars and Bags,Chocolate Bars and Bags,,
299,300,https://www.walmart.com/browse/specialty-shops/premium-gifting-chocolate/976759_5148628_4569562_8497435?page=,23,Food - Premium Chocolate,Gifting Chocolate,Gifting Chocolate,,
300,301,https://www.walmart.com/browse/specialty-shops/shop-all-premium-chocolate/976759_5148628_4569562_2514022?page=,23,Food - Premium Chocolate,Shop all Premium Chocolate,Shop all Premium Chocolate,,
301,302,https://www.walmart.com/browse/cookies/all-cookies/976759_976787_1001391_1592885?page=,25,Food - Snacks,Cookies,All Cookies,,
302,303,https://www.walmart.com/browse/cookies/biscotti/976759_976787_1001391_2224095?page=,3,Food - Snacks,Cookies,Biscotti,,
303,304,https://www.walmart.com/browse/cookies/biscuits/976759_976787_1001391_9704038?page=,14,Food - Snacks,Cookies,Biscuits,,
304,305,https://www.walmart.com/browse/cookies/butter-cookies/976759_976787_1001391_7803640?page=,9,Food - Snacks,Cookies,Butter Cookies,,
305,306,https://www.walmart.com/browse/cookies/chips-ahoy/976759_976787_1001391_4844674?page=,2,Food - Snacks,Cookies,Chips Ahoy,,
306,307,https://www.walmart.com/browse/cookies/chocolate-chip-cookies/976759_976787_1001391_1545456?page=,13,Food - Snacks,Cookies,Chocolate Chip Cookies,,
307,308,https://www.walmart.com/browse/cookies/chocolate-cookies/976759_976787_1001391_4007138?page=,25,Food - Snacks,Cookies,Chocolate Cookies,,
308,309,https://www.walmart.com/browse/cookies/coconut-cookies/976759_976787_1001391_6970757?page=,4,Food - Snacks,Cookies,Coconut Cookies,,
309,310,https://www.walmart.com/browse/cookies/gluten-free-cookies/976759_976787_1001391_4362193?page=,2,Food - Snacks,Cookies,Gluten-Free Cookies,,
310,311,https://www.walmart.com/browse/cookies/keebler-cookies/976759_976787_1001391_3596825?page=,3,Food - Snacks,Cookies,Keebler Cookies,,
311,312,https://www.walmart.com/browse/cookies/molasses-cookies/976759_976787_1001391_3338971?page=,1,Food - Snacks,Cookies,Molasses Cookies,,
312,313,https://www.walmart.com/browse/cookies/oatmeal-cookies/976759_976787_1001391_7361615?page=,4,Food - Snacks,Cookies,Oatmeal Cookies,,
313,314,https://www.walmart.com/browse/cookies/oreos/976759_976787_1001391_1367771?page=,3,Food - Snacks,Cookies,Oreos,,
314,315,https://www.walmart.com/browse/cookies/peanut-butter-cookies/976759_976787_1001391_6460174?page=,3,Food - Snacks,Cookies,Peanut Butter Cookies,,
315,316,https://www.walmart.com/browse/cookies/pepperidge-farm-cookies/976759_976787_1001391_2410932?page=,2,Food - Snacks,Cookies,Pepperidge Farm Cookies,,
316,317,https://www.walmart.com/browse/cookies/shop-all-cookies/976759_976787_1001391_2392263?page=,25,Food - Snacks,Cookies,Shop All Cookies,,
317,318,https://www.walmart.com/browse/cookies/shortbread-cookies/976759_976787_1001391_8026949?page=,7,Food - Snacks,Cookies,Shortbread Cookies,,
318,319,https://www.walmart.com/browse/cookies/snickerdoodle-cookies/976759_976787_1001391_8926167?page=,2,Food - Snacks,Cookies,Snickerdoodle Cookies,,
319,320,https://www.walmart.com/browse/cookies/sugar-free-cookies/976759_976787_1001391_5314659?page=,2,Food - Snacks,Cookies,Sugar-Free Cookies,,
320,321,https://www.walmart.com/browse/cookies/vegan-cookies/976759_976787_1001391_8007359?page=,2,Food - Snacks,Cookies,Vegan Cookies,,
321,322,https://www.walmart.com/browse/chips/all-chips/976759_976787_1001390_6288637?page=,8,Food - Snacks,Chips,All Chips,,
322,323,https://www.walmart.com/browse/chips/corn-chips/976759_976787_1001390_9805889?page=,3,Food - Snacks,Chips,Corn Chips,,
323,324,https://www.walmart.com/browse/chips/hot-chips/976759_976787_1001390_9236001?page=,1,Food - Snacks,Chips,Hot Chips,,
324,325,https://www.walmart.com/browse/chips/kettle-chips/976759_976787_1001390_2523039?page=,6,Food - Snacks,Chips,Kettle Chips,,
325,326,https://www.walmart.com/browse/chips/pita-chips-bagel-chips/976759_976787_1001390_8083609?page=,1,Food - Snacks,Chips,Pita Chips & Bagel Chips,,
326,327,https://www.walmart.com/browse/chips/pork-rinds/976759_976787_1001390_3029045?page=,3,Food - Snacks,Chips,Pork Rinds,,
327,328,https://www.walmart.com/browse/chips/potato-chips/976759_976787_1001390_4402657?page=,12,Food - Snacks,Chips,Potato Chips,,
328,329,https://www.walmart.com/browse/chips/rye-chips/976759_976787_1001390_2636409?page=,1,Food - Snacks,Chips,Rye Chips,,
329,330,https://www.walmart.com/browse/chips/tortilla-chips/976759_976787_1001390_4501185?page=,6,Food - Snacks,Chips,Tortilla Chips,,
330,331,https://www.walmart.com/browse/chips/variety-pack-chips/976759_976787_1001390_9634100?page=,2,Food - Snacks,Chips,Variety Pack Chips,,
331,332,https://www.walmart.com/browse/chips/veggie-chips-grain-chips/976759_976787_1001390_4084278?page=,3,Food - Snacks,Chips,Veggie Chips & Grain Chips,,
332,333,https://www.walmart.com/browse/crackers/animal-crackers/976759_976787_1001392_2671170?page=,3,Food - Snacks,Crackers,Animal Crackers,,
333,334,https://www.walmart.com/browse/crackers/cheez-it-snap-d/976759_976787_1001392_8515680?page=,1,Food - Snacks,Crackers,Cheez it Snap'd,,
334,335,https://www.walmart.com/browse/crackers/cheez-its/976759_976787_1001392_6622891?page=,4,Food - Snacks,Crackers,Cheez-Its,,
335,336,https://www.walmart.com/browse/crackers/club-crackers/976759_976787_1001392_9984380?page=,1,Food - Snacks,Crackers,Club Crackers,,
336,337,https://www.walmart.com/browse/crackers/gluten-free-crackers/976759_976787_1001392_8926169?page=,5,Food - Snacks,Crackers,Gluten Free Crackers,,
337,338,https://www.walmart.com/browse/crackers/goldfish/976759_976787_1001392_5345496?page=,1,Food - Snacks,Crackers,Goldfish,,
338,339,https://www.walmart.com/browse/crackers/goldfish-crackers/976759_976787_1001392_1904919?page=,2,Food - Snacks,Crackers,Goldfish Crackers,,
339,340,https://www.walmart.com/browse/crackers/graham-crackers/976759_976787_1001392_3433128?page=,2,Food - Snacks,Crackers,Graham Crackers,,
340,341,https://www.walmart.com/browse/crackers/keebler-make-a-wish/976759_976787_1001392_6288413?page=,1,Food - Snacks,Crackers,Keebler Make a Wish,,
341,342,https://www.walmart.com/browse/crackers/nabisco-crackers/976759_976787_1001392_1898174?page=,14,Food - Snacks,Crackers,Nabisco Crackers,,
342,343,https://www.walmart.com/browse/crackers/on-the-go-crackers/976759_976787_1001392_9056086?page=,3,Food - Snacks,Crackers,On-the-go Crackers,,
343,344,https://www.walmart.com/browse/crackers/rice-crackers/976759_976787_1001392_3160974?page=,1,Food - Snacks,Crackers,Rice Crackers,,
344,345,https://www.walmart.com/browse/crackers/ritz-crackers/976759_976787_1001392_8713132?page=,2,Food - Snacks,Crackers,Ritz Crackers,,
345,346,https://www.walmart.com/browse/crackers/s-mores-ingredients/976759_976787_1001392_9064372?page=,1,Food - Snacks,Crackers,S'Mores Ingredients,,
346,347,https://www.walmart.com/browse/crackers/saltine-crackers/976759_976787_1001392_7514350?page=,1,Food - Snacks,Crackers,Saltine Crackers,,
347,348,https://www.walmart.com/browse/crackers/sandwich-crackers/976759_976787_1001392_4767196?page=,4,Food - Snacks,Crackers,Sandwich Crackers,,
348,349,https://www.walmart.com/browse/crackers/snack-crackers/976759_976787_1001392_9358664?page=,25,Food - Snacks,Crackers,Snack Crackers,,
349,350,https://www.walmart.com/browse/crackers/town-house-crackers/976759_976787_1001392_2603007?page=,1,Food - Snacks,Crackers,Town House Crackers,,
350,351,https://www.walmart.com/browse/crackers/triscuits/976759_976787_1001392_4618860?page=,1,Food - Snacks,Crackers,Triscuits,,
351,352,https://www.walmart.com/browse/crackers/wheat-thins/976759_976787_1001392_4971367?page=,1,Food - Snacks,Crackers,Wheat Thins,,
352,353,https://www.walmart.com/browse/healthy-snacks/high-protein-snacks/976759_976787_9830353_1247241?page=,13,Food - Snacks,Healthy Snacks,High Protein Snacks,,
353,354,https://www.walmart.com/browse/healthy-snacks/keto-snacks/976759_976787_9830353_3049581?page=,2,Food - Snacks,Healthy Snacks,Keto Snacks,,
354,355,https://www.walmart.com/browse/healthy-snacks/on-the-go-healthy-snacks/976759_976787_9830353_4593950?page=,4,Food - Snacks,Healthy Snacks,On the Go Healthy Snacks,,
355,356,https://www.walmart.com/browse/healthy-snacks/vegan-snacks/976759_976787_9830353_2174556?page=,2,Food - Snacks,Healthy Snacks,Vegan Snacks,,
356,357,https://www.walmart.com/browse/popcorn/act-ii/976759_976787_1001407_2886328?page=,2,Food - Snacks,Popcorn,Act II,,
357,358,https://www.walmart.com/browse/popcorn/all-popcorn/976759_976787_1001407_3516563?page=,25,Food - Snacks,Popcorn,All Popcorn,,
358,359,https://www.walmart.com/browse/popcorn/popcorn-bags/976759_976787_1001407_6926277?page=,25,Food - Snacks,Popcorn,Bags,,
359,360,https://www.walmart.com/browse/popcorn/boom-chicka-pop-popcorn/976759_976787_1001407_2879702?page=,1,Food - Snacks,Popcorn,Boom Chicka Pop Popcorn,,
360,361,https://www.walmart.com/browse/popcorn/caramel-corn/976759_976787_1001407_8452116?page=,2,Food - Snacks,Popcorn,Caramel Corn,,
361,362,https://www.walmart.com/browse/popcorn/cheese-popcorn/976759_976787_1001407_4054999?page=,2,Food - Snacks,Popcorn,Cheese Popcorn,,
362,363,https://www.walmart.com/browse/popcorn/popcorn-indiana/976759_976787_1001407_1970460?page=,1,Food - Snacks,Popcorn,Indiana,,
363,364,https://www.walmart.com/browse/popcorn/individual-popcorn-packs/976759_976787_1001407_9500339?page=,1,Food - Snacks,Popcorn,Individual Popcorn Packs,,
364,365,https://www.walmart.com/browse/popcorn/jolly-time-popcorn/976759_976787_1001407_1641051?page=,2,Food - Snacks,Popcorn,Jolly Time Popcorn,,
365,366,https://www.walmart.com/browse/popcorn/popcorn-kernels/976759_976787_1001407_4228947?page=,2,Food - Snacks,Popcorn,Kernels,,
366,367,https://www.walmart.com/browse/popcorn/kettle-corn/976759_976787_1001407_4177215?page=,3,Food - Snacks,Popcorn,Kettle Corn,,
367,368,https://www.walmart.com/browse/popcorn/microwave-popcorn/976759_976787_1001407_7354735?page=,2,Food - Snacks,Popcorn,Microwave Popcorn,,
368,369,https://www.walmart.com/browse/popcorn/movie-theater-butter-popcorn/976759_976787_1001407_2066160?page=,2,Food - Snacks,Popcorn,Movie Theater Butter Popcorn,,
369,370,https://www.walmart.com/browse/popcorn/orville-redenbacher-s-popcorn/976759_976787_1001407_2318843?page=,2,Food - Snacks,Popcorn,Orville Redenbacher's Popcorn,,
370,371,https://www.walmart.com/browse/popcorn/pop-secret-popcorn/976759_976787_1001407_6156015?page=,2,Food - Snacks,Popcorn,Pop Secret Popcorn,,
371,372,https://www.walmart.com/browse/popcorn/popcorn-seasoning/976759_976787_1001407_9193309?page=,3,Food - Snacks,Popcorn,Seasoning,,
372,373,https://www.walmart.com/browse/popcorn/skinnypop-popcorn/976759_976787_1001407_8152766?page=,2,Food - Snacks,Popcorn,SkinnyPop Popcorn,,
373,374,https://www.walmart.com/browse/popcorn/smartfood-popcorn/976759_976787_1001407_6760361?page=,1,Food - Snacks,Popcorn,Smartfood Popcorn,,
374,375,https://www.walmart.com/browse/nuts-trail-mix-seeds/all-nuts-trail-mix-seeds/976759_976787_1001406_2615672?page=,25,Food - Snacks,Nuts, Trail Mix & Seeds,All Nuts,
375,376,https://www.walmart.com/browse/nuts-trail-mix-seeds/almonds/976759_976787_1001406_3474924?page=,6,Food - Snacks,Nuts, Trail Mix & Seeds,Almonds,
376,377,https://www.walmart.com/browse/nuts-trail-mix-seeds/brazil-nuts/976759_976787_1001406_2697433?page=,1,Food - Snacks,Nuts, Trail Mix & Seeds,Brazil Nuts,
377,378,https://www.walmart.com/browse/nuts-trail-mix-seeds/cashews/976759_976787_1001406_8305691?page=,10,Food - Snacks,Nuts, Trail Mix & Seeds,Cashews,
378,379,https://www.walmart.com/browse/nuts-trail-mix-seeds/chestnuts/976759_976787_1001406_6784667?page=,1,Food - Snacks,Nuts, Trail Mix & Seeds,Chestnuts,
379,380,https://www.walmart.com/browse/nuts-trail-mix-seeds/hazelnuts/976759_976787_1001406_9846943?page=,3,Food - Snacks,Nuts, Trail Mix & Seeds,Hazelnuts,
380,381,https://www.walmart.com/browse/nuts-trail-mix-seeds/macadamia-nuts/976759_976787_1001406_3309015?page=,1,Food - Snacks,Nuts, Trail Mix & Seeds,Macadamia Nuts,
381,382,https://www.walmart.com/browse/nuts-trail-mix-seeds/mixed-nuts/976759_976787_1001406_9012417?page=,1,Food - Snacks,Nuts, Trail Mix & Seeds,Mixed Nuts,
382,383,https://www.walmart.com/browse/nuts-trail-mix-seeds/nuts/976759_976787_1001406_3488004?page=,25,Food - Snacks,Nuts, Trail Mix & Seeds,Nuts,
383,384,https://www.walmart.com/browse/nuts-trail-mix-seeds/peanuts/976759_976787_1001406_5010510?page=,3,Food - Snacks,Nuts, Trail Mix & Seeds,Peanuts,
384,385,https://www.walmart.com/browse/nuts-trail-mix-seeds/pecans/976759_976787_1001406_7563874?page=,1,Food - Snacks,Nuts, Trail Mix & Seeds,Pecans,
385,386,https://www.walmart.com/browse/nuts-trail-mix-seeds/pine-nuts/976759_976787_1001406_1321019?page=,1,Food - Snacks,Nuts, Trail Mix & Seeds,Pine Nuts,
386,387,https://www.walmart.com/browse/nuts-trail-mix-seeds/pistachios/976759_976787_1001406_8200836?page=,11,Food - Snacks,Nuts, Trail Mix & Seeds,Pistachios,
387,388,https://www.walmart.com/browse/nuts-trail-mix-seeds/seeds/976759_976787_1001406_7339625?page=,25,Food - Snacks,Nuts, Trail Mix & Seeds,Seeds,
388,389,https://www.walmart.com/browse/nuts-trail-mix-seeds/trail-mix/976759_976787_1001406_7771097?page=,25,Food - Snacks,Nuts, Trail Mix & Seeds,Trail Mix,
389,390,https://www.walmart.com/browse/nuts-trail-mix-seeds/walnuts/976759_976787_1001406_7358205?page=,1,Food - Snacks,Nuts, Trail Mix & Seeds,Walnuts,
390,391,https://www.walmart.com/browse/breakfast-cereal/cereal-bars-breakfast-bars/976759_976783_1001332?page=,25,Food - Snacks,Granola Bars, Snack Bars & Energy Bars,Cereal Bars & Breakfast Bars,
391,392,https://www.walmart.com/browse/granola-bars-snack-bars-energy-bars/clif-bar-coffee-collection/976759_976787_1044154_1994007?page=,1,Food - Snacks,Granola Bars, Snack Bars & Energy Bars,Clif Bar Coffee Collection,
392,393,https://www.walmart.com/browse/granola-bars-snack-bars-energy-bars/clif-bar-energy-bars-and-protein-bars/976759_976787_1044154_7838696?page=,11,Food - Snacks,Granola Bars, Snack Bars & Energy Bars,CLIF Bar Energy Bars and Protein Bars,
393,394,https://www.walmart.com/browse/granola-bars-snack-bars-energy-bars/clif-bar-kid-organic-zbar/976759_976787_1044154_1664305?page=,1,Food - Snacks,Granola Bars, Snack Bars & Energy Bars,CLIF Bar Kid Organic ZBAR,
394,395,https://www.walmart.com/browse/granola-bars-snack-bars-energy-bars/granola-bars/976759_976787_1044154_5006109?page=,25,Food - Snacks,Granola Bars, Snack Bars & Energy Bars,Granola Bars,
395,396,https://www.walmart.com/browse/granola-bars-snack-bars-energy-bars/great-value-snack-bars/976759_976787_1044154_4187132?page=,1,Food - Snacks,Granola Bars, Snack Bars & Energy Bars,Great Value Snack Bars,
396,397,https://www.walmart.com/browse/granola-bars-snack-bars-energy-bars/kind-bars/976759_976787_1044154_4935111?page=,15,Food - Snacks,Granola Bars, Snack Bars & Energy Bars,KIND Bars,
397,398,https://www.walmart.com/browse/granola-bars-snack-bars-energy-bars/larabar/976759_976787_1044154_7607716?page=,5,Food - Snacks,Granola Bars, Snack Bars & Energy Bars,Larabar,
398,399,https://www.walmart.com/browse/granola-bars-snack-bars-energy-bars/luna-bar/976759_976787_1044154_1256981?page=,2,Food - Snacks,Granola Bars, Snack Bars & Energy Bars,Luna Bar,
399,400,https://www.walmart.com/browse/granola-bars-snack-bars-energy-bars/nature-valley-granola-bars-snack-bars/976759_976787_1044154_7928976?page=,6,Food - Snacks,Granola Bars, Snack Bars & Energy Bars,Nature Valley Granola Bars & Snack Bars,
400,401,https://www.walmart.com/browse/granola-bars-snack-bars-energy-bars/quaker-chewy-granola-bars/976759_976787_1044154_6317826?page=,1,Food - Snacks,Granola Bars, Snack Bars & Energy Bars,Quaker Chewy Granola Bars,
401,402,https://www.walmart.com/browse/granola-bars-snack-bars-energy-bars/rxbar-kids/976759_976787_1044154_1834398?page=,1,Food - Snacks,Granola Bars, Snack Bars & Energy Bars,RXBAR Kids,
402,403,https://www.walmart.com/browse/granola-bars-snack-bars-energy-bars/rxbar-protein-bars/976759_976787_1044154_2622082?page=,4,Food - Snacks,Granola Bars, Snack Bars & Energy Bars,RXBAR Protein Bars,
403,404,https://www.walmart.com/browse/beef-jerky-and-dried-meats/all-jerky/976759_976787_1001405_2958487?page=,25,Food - Snacks,Beef Jerky and Dried Meats,All Jerky,,
404,405,https://www.walmart.com/browse/beef-jerky-and-dried-meats/beef-jerky/976759_976787_1001405_6440646?page=,23,Food - Snacks,Beef Jerky and Dried Meats,Beef Jerky,,
405,406,https://www.walmart.com/browse/beef-jerky-and-dried-meats/beef-sticks/976759_976787_1001405_7755930?page=,2,Food - Snacks,Beef Jerky and Dried Meats,Beef Sticks,,
406,407,https://www.walmart.com/browse/beef-jerky-and-dried-meats/biltong/976759_976787_1001405_3263674?page=,1,Food - Snacks,Beef Jerky and Dried Meats,Biltong,,
407,408,https://www.walmart.com/browse/beef-jerky-and-dried-meats/epic-provisions/976759_976787_1001405_2297909?page=,1,Food - Snacks,Beef Jerky and Dried Meats,Epic Provisions,,
408,409,https://www.walmart.com/browse/beef-jerky-and-dried-meats/jack-link-s/976759_976787_1001405_8395887?page=,7,Food - Snacks,Beef Jerky and Dried Meats,Jack Link's,,
409,410,https://www.walmart.com/browse/beef-jerky-and-dried-meats/jerky-deals-/976759_976787_1001405_2562248?page=,1,Food - Snacks,Beef Jerky and Dried Meats,Jerky Deals!,,
410,411,https://www.walmart.com/browse/beef-jerky-and-dried-meats/keto-friendly-jerky/976759_976787_1001405_1855941?page=,3,Food - Snacks,Beef Jerky and Dried Meats,Keto Friendly Jerky,,
411,412,https://www.walmart.com/browse/beef-jerky-and-dried-meats/krave-jerky/976759_976787_1001405_2348475?page=,1,Food - Snacks,Beef Jerky and Dried Meats,Krave Jerky,,
412,413,https://www.walmart.com/browse/beef-jerky-and-dried-meats/lunchbox-jerky/976759_976787_1001405_2350843?page=,1,Food - Snacks,Beef Jerky and Dried Meats,Lunchbox Jerky,,
413,414,https://www.walmart.com/browse/beef-jerky-and-dried-meats/meat-sticks/976759_976787_1001405_2758322?page=,11,Food - Snacks,Beef Jerky and Dried Meats,Meat Sticks,,
414,415,https://www.walmart.com/browse/beef-jerky-and-dried-meats/perky-jerky/976759_976787_1001405_5272153?page=,1,Food - Snacks,Beef Jerky and Dried Meats,Perky Jerky,,
415,416,https://www.walmart.com/browse/beef-jerky-and-dried-meats/slim-jims/976759_976787_1001405_3187156?page=,2,Food - Snacks,Beef Jerky and Dried Meats,Slim Jims,,
416,417,https://www.walmart.com/browse/beef-jerky-and-dried-meats/smoked-sausages/976759_976787_1001405_4525401?page=,1,Food - Snacks,Beef Jerky and Dried Meats,Smoked Sausages,,
417,418,https://www.walmart.com/browse/beef-jerky-and-dried-meats/teriyaki-jerky/976759_976787_1001405_9903149?page=,1,Food - Snacks,Beef Jerky and Dried Meats,Teriyaki Jerky,,
418,419,https://www.walmart.com/browse/beef-jerky-and-dried-meats/turkey-jerky/976759_976787_1001405_4844100?page=,1,Food - Snacks,Beef Jerky and Dried Meats,Turkey Jerky,,
419,420,https://www.walmart.com/browse/dried-fruits/dried-fruits/976759_976787_4962467_1044135?page=,25,Food - Snacks,Dried Fruits,All Dried Fruits,,
420,421,https://www.walmart.com/browse/shop-by-fruit-type/dates/976759_976787_4962467_2356650_8099720?page=,3,Food - Snacks,Dried Fruits,Dates,,
421,422,https://www.walmart.com/browse/shop-by-fruit-type/dried-apricots/976759_976787_4962467_2356650_8921920?page=,5,Food - Snacks,Dried Fruits,Dried Apricots,,
422,423,https://www.walmart.com/browse/shop-by-fruit-type/dried-cranberries/976759_976787_4962467_2356650_1816730?page=,5,Food - Snacks,Dried Fruits,Dried Cranberries,,
423,424,https://www.walmart.com/browse/shop-by-fruit-type/dried-mango/976759_976787_4962467_2356650_4271416?page=,5,Food - Snacks,Dried Fruits,Dried Mango,,
424,425,https://www.walmart.com/browse/shop-by-fruit-type/figs/976759_976787_4962467_2356650_2834219?page=,3,Food - Snacks,Dried Fruits,Figs,,
425,426,https://www.walmart.com/browse/shop-by-fruit-type/freeze-dried-fruit/976759_976787_4962467_2356650_1763313?page=,4,Food - Snacks,Dried Fruits,Freeze Dried Fruit,,
426,427,https://www.walmart.com/browse/shop-by-fruit-type/fruit-chips-and-crisps/976759_976787_4962467_2356650_1597739?page=,9,Food - Snacks,Dried Fruits,Fruit Chips and Crisps,,
427,428,https://www.walmart.com/browse/shop-by-dried-fruit-brand/great-value/976759_976787_4962467_2025492_3289501?page=,1,Food - Snacks,Dried Fruits,Great Value,,
428,429,https://www.walmart.com/browse/dried-fruits/new-dried-fruits/976759_976787_4962467_8466181?page=,1,Food - Snacks,Dried Fruits,New Dried Fruits,,
429,430,https://www.walmart.com/browse/dried-fruits/organic-dried-fruits/976759_976787_4962467_9452082?page=,14,Food - Snacks,Dried Fruits,Organic Dried Fruits,,
430,431,https://www.walmart.com/browse/shop-by-fruit-type/prunes/976759_976787_4962467_2356650_2158944?page=,2,Food - Snacks,Dried Fruits,Prunes,,
431,432,https://www.walmart.com/browse/shop-by-fruit-type/raisins/976759_976787_4962467_2356650_7702391?page=,7,Food - Snacks,Dried Fruits,Raisins,,
432,433,https://www.walmart.com/browse/dried-fruits/shop-by-dried-fruit-brand/976759_976787_4962467_2025492?page=,10,Food - Snacks,Dried Fruits,Shop by Dried Fruit Brand,,
433,434,https://www.walmart.com/browse/dried-fruits/shop-by-fruit-type/976759_976787_4962467_2356650?page=,25,Food - Snacks,Dried Fruits,Shop by Fruit Type,,
434,435,https://www.walmart.com/browse/pretzels/all-pretzels/976759_976787_1044156_4377769?page=,19,Food - Snacks,Pretzels,All Pretzels,,
435,436,https://www.walmart.com/browse/pretzels/chocolate-covered-pretzels/976759_976787_1044156_2207566?page=,2,Food - Snacks,Pretzels,Chocolate Covered Pretzels,,
436,437,https://www.walmart.com/browse/pretzels/gluten-free-pretzels/976759_976787_1044156_2853390?page=,1,Food - Snacks,Pretzels,Gluten Free Pretzels,,
437,438,https://www.walmart.com/browse/pretzels/peanut-butter-pretzels/976759_976787_1044156_6331273?page=,2,Food - Snacks,Pretzels,Peanut Butter Pretzels,,
438,439,https://www.walmart.com/browse/pretzels/pretzel-canisters/976759_976787_1044156_8340438?page=,1,Food - Snacks,Pretzels,Pretzel Canisters,,
439,440,https://www.walmart.com/browse/pretzels/pretzel-crisps/976759_976787_1044156_3337394?page=,2,Food - Snacks,Pretzels,Pretzel Crisps,,
440,441,https://www.walmart.com/browse/pretzels/pretzel-individual-packs/976759_976787_1044156_5150494?page=,1,Food - Snacks,Pretzels,Pretzel Individual Packs,,
441,442,https://www.walmart.com/browse/pretzels/pretzel-rods/976759_976787_1044156_3076405?page=,2,Food - Snacks,Pretzels,Pretzel Rods,,
442,443,https://www.walmart.com/browse/pretzels/pretzel-sticks/976759_976787_1044156_4356725?page=,2,Food - Snacks,Pretzels,Pretzel Sticks,,
443,444,https://www.walmart.com/browse/pretzels/rold-gold-pretzels/976759_976787_1044156_9229495?page=,1,Food - Snacks,Pretzels,Rold Gold Pretzels,,
444,445,https://www.walmart.com/browse/pretzels/snyder-s-pretzels/976759_976787_1044156_2305837?page=,3,Food - Snacks,Pretzels,Snyder's Pretzels,,
445,446,https://www.walmart.com/browse/pretzels/utz-pretzels/976759_976787_1044156_1782857?page=,2,Food - Snacks,Pretzels,Utz Pretzels,,
446,447,https://www.walmart.com/browse/snacks-cookies-chips/pudding-gelatin/976759_976787_1001471?page=,24,Food - Snacks,Pudding & Gelatin,Pudding & Gelatin,,
447,448,https://www.walmart.com/browse/fruit-snacks/all-fruit-snacks/976759_976787_1001395_2676420?page=,15,Food - Snacks,Fruit Snacks,All Fruit Snacks,,
448,449,https://www.walmart.com/browse/shop-by-fruit-snacks-brand/annie-s-fruit-snacks/976759_976787_1001395_4571833_5413990?page=,1,Food - Snacks,Fruit Snacks,Annie's Fruit Snacks,,
449,450,https://www.walmart.com/browse/shop-by-fruit-snacks-brand/black-forest-fruit-snacks/976759_976787_1001395_4571833_2774837?page=,1,Food - Snacks,Fruit Snacks,Black Forest Fruit Snacks,,
450,451,https://www.walmart.com/browse/fruit-snacks/bulk-fruit-snacks/976759_976787_1001395_6730562?page=,1,Food - Snacks,Fruit Snacks,Bulk Fruit Snacks,,
451,452,https://www.walmart.com/browse/fruit-snacks/character-fruit-snacks/976759_976787_1001395_3652353?page=,1,Food - Snacks,Fruit Snacks,Character Fruit Snacks,,
452,453,https://www.walmart.com/browse/shop-by-fruit-snacks-brand/fruit-by-the-foot/976759_976787_1001395_4571833_5870020?page=,1,Food - Snacks,Fruit Snacks,Fruit by the Foot,,
453,454,https://www.walmart.com/browse/shop-by-fruit-snacks-brand/fruit-roll-ups/976759_976787_1001395_4571833_6882077?page=,1,Food - Snacks,Fruit Snacks,Fruit Roll-Ups,,
454,455,https://www.walmart.com/browse/shop-by-fruit-snacks-brand/gushers/976759_976787_1001395_4571833_7700478?page=,1,Food - Snacks,Fruit Snacks,Gushers,,
455,456,https://www.walmart.com/browse/shop-by-fruit-snacks-brand/kellogg-s-fruit-snacks/976759_976787_1001395_4571833_5359875?page=,1,Food - Snacks,Fruit Snacks,Kellogg's Fruit Snacks,,
456,457,https://www.walmart.com/browse/shop-by-fruit-snacks-brand/mott-s-fruit-snacks/976759_976787_1001395_4571833_1747920?page=,1,Food - Snacks,Fruit Snacks,Mott's Fruit Snacks,,
457,458,https://www.walmart.com/browse/fruit-snacks/new-fruit-snacks/976759_976787_1001395_6636172?page=,12,Food - Snacks,Fruit Snacks,New Fruit Snacks,,
458,459,https://www.walmart.com/browse/fruit-snacks/organic-fruit-snacks/976759_976787_1001395_7813769?page=,3,Food - Snacks,Fruit Snacks,Organic Fruit Snacks,,
459,460,https://www.walmart.com/browse/fruit-snacks/seasonal-fruit-snacks/976759_976787_1001395_5445272?page=,1,Food - Snacks,Fruit Snacks,Seasonal Fruit Snacks,,
460,461,https://www.walmart.com/browse/fruit-snacks/shop-by-fruit-snacks-brand/976759_976787_1001395_4571833?page=,6,Food - Snacks,Fruit Snacks,Shop by Fruit Snacks Brand,,
461,462,https://www.walmart.com/browse/fruit-snacks/top-selling-fruit-snacks/976759_976787_1001395_9645697?page=,12,Food - Snacks,Fruit Snacks,Top-selling Fruit Snacks,,
462,463,https://www.walmart.com/browse/shop-by-fruit-snacks-brand/welch-s-fruit-snacks/976759_976787_1001395_4571833_7832750?page=,3,Food - Snacks,Fruit Snacks,Welch's Fruit Snacks,,
463,464,https://www.walmart.com/browse/dips-spreads/all-dips-spreads/976759_976787_1001393_7832203?page=,25,Food - Snacks,Dips & Spreads,All Dips & Spreads,,
464,465,https://www.walmart.com/browse/dips-spreads/bean-dips/976759_976787_1001393_8798385?page=,1,Food - Snacks,Dips & Spreads,Bean Dips,,
465,466,https://www.walmart.com/browse/dips-spreads/queso-cheese-dips/976759_976787_1001393_2603202?page=,5,Food - Snacks,Dips & Spreads,Queso & Cheese Dips,,
466,467,https://www.walmart.com/browse/dips-spreads/salsa/976759_976787_1001393_7109351?page=,25,Food - Snacks,Dips & Spreads,Salsa,,
467,468,https://www.walmart.com/browse/dips-spreads/vegetable-dips/976759_976787_1001393_9915594?page=,5,Food - Snacks,Dips & Spreads,Vegetable Dips,,
468,469,https://www.walmart.com/browse/snacks-cookies-chips/fruit-cups-fruit-sauces/976759_976787_1044133?page=,12,Food - Snacks,Fruit Cups & Fruit Sauces,Fruit Cups & Fruit Sauces,,
469,470,https://www.walmart.com/browse/snacks-cookies-chips/on-the-go-snacks/976759_976787_3253105?page=,2,Food - Snacks,On the Go Snacks,On the Go Snacks,,
470,471,https://www.walmart.com/browse/puffed-snacks/all-puffed-snacks/976759_976787_5433270_4637189?page=,14,Food - Snacks,Puffed Snacks,All Puffed Snacks,,
471,472,https://www.walmart.com/browse/puffed-snacks/cheese-balls/976759_976787_5433270_3490073?page=,1,Food - Snacks,Puffed Snacks,Cheese Balls,,
472,473,https://www.walmart.com/browse/puffed-snacks/cheese-puffs/976759_976787_5433270_7915103?page=,3,Food - Snacks,Puffed Snacks,Cheese Puffs,,
473,474,https://www.walmart.com/browse/puffed-snacks/cheetos/976759_976787_5433270_6918083?page=,2,Food - Snacks,Puffed Snacks,Cheetos,,
474,475,https://www.walmart.com/browse/puffed-snacks/hippeas/976759_976787_5433270_4883539?page=,1,Food - Snacks,Puffed Snacks,Hippeas,,
475,476,https://www.walmart.com/browse/puffed-snacks/simply-cheetos/976759_976787_5433270_6735754?page=,1,Food - Snacks,Puffed Snacks,Simply Cheetos,,
476,477,https://www.walmart.com/browse/rice-cakes/all-rice-cakes/976759_976787_1001397_1260147?page=,7,Food - Snacks,Rice Cakes,All Rice Cakes,,
477,478,https://www.walmart.com/browse/rice-cakes/quaker-rice-cakes/976759_976787_1001397_2877914?page=,1,Food - Snacks,Rice Cakes,Quaker Rice Cakes,,
478,479,https://www.walmart.com/browse/snack-mixes/all-snack-mixes/976759_976787_2452884_4052501?page=,15,Food - Snacks,Snack Mixes,All Snack Mixes,,
479,480,https://www.walmart.com/browse/snack-mixes/chex-mix/976759_976787_2452884_2883674?page=,1,Food - Snacks,Snack Mixes,Chex Mix,,
480,481,https://www.walmart.com/browse/snack-mixes/gardetto-s/976759_976787_2452884_3973417?page=,1,Food - Snacks,Snack Mixes,Gardetto's,,
481,482,https://www.walmart.com/browse/snack-mixes/utz-snack-mixes/976759_976787_2452884_9701545?page=,1,Food - Snacks,Snack Mixes,Utz Snack Mixes,,
482,483,https://www.walmart.com/browse/snacks-cookies-chips/sugar-free-snacks/976759_976787_3455839?page=,15,Food - Snacks,Sugar,Sugar-Free Snacks,,
483,484,https://www.walmart.com/browse/snacks-cookies-chips/trail-mix/976759_976787_4929293?page=,25,Food - Snacks,Trail Mix,Trail Mix,,
